TRACK,POSTED,LIKES,REPOSTS,PLAYS,COMMENTS
YME | Lost Minute Series EP. 78 | 21/08/2025,8 days ago,54,5,950,1
,,,,,
THE LONE STUNTMAN | Disco Gecko Recordings Series Ep. 61 | 24/08/2025,9 days ago,28,7,649,
SILOKA | Looney Moon Records Series EP. 111 |23/08/2025,9 days ago,236,34,"1,905",11
HYPNOTHERAPIE | Tündérke Selects | 22/08/2025,9 days ago,89,10,"1,444",1
SUPERLUMINAL & ARGONIK | Sangoma Records Series Ep. 112 | 21/08/2025,9 days ago,145,28,"1,266",4
HAVAYA | Music Forms Ep. 19 | 24/08/2025,10 days ago,37,3,682,3
SUDDEN REVERB | Dubmission Records Series Ep. 64 | 22/08/2025,10 days ago,31,2,641,1
BEYOND THE NOTES | Crimson Presents Pink Eyed Blue Ep. 48 | 19/08/2025,10 days ago,22,4,549,
Archives | August 2025,10 days ago,,,,
CZELLUX | Lunar 604 Series Ep. 6 | 20/08/2025,10 days ago,42,2,852,2
POTENTIA | Universal Tribe Records Series Ep. 3 | 20/08/2025,10 days ago,97,12,"1,059",9
TULSY | ADN Music Presents | 19/08/2025,10 days ago,55,3,"1,089",1
KLIPSUN | Stone Seed Series Ep. 35 | 18/07/2025,11 days ago,129,15,"1,375",4
TRABANT | In Focus | 19/07/2025,11 days ago,73,13,925,1
AYIM | Techlab.bp Series Ep. 7 | 23/07/2025,11 days ago,73,9,"1,050",5
SPATIAL PLANTS | Blacklite Records Series EP. 60 | 22/07/2025,17 days ago,240,20,"2,931",6
ARMENIAN | On The Way To Ozora 2025 Ep. 26 | 25/07/2025,21 days ago,88,6,"2,115",3
LUISELLE | Mardapur Records Presents | 24/07/2025,22 days ago,117,12,"1,732",12
SPEKTRON | Intermind Records Series | 10/07/2025,23 days ago,120,11,"1,653",3
GROOVITY | Comet Collective Series Ep. 3 | 24/07/2025,23 days ago,80,4,"1,349",
AXAILES SOLAR | Kafka Tempo Series EP. 3 | 22/07/2025,23 days ago,18,Repost,426,3
ANNY | Digital Om Productions Series EP. 91 | 18/07/2025,24 days ago,94,10,926,1
LABIRINTO | Antu Records Series | 17/07/2025,24 days ago,115,14,"1,180",16
VOLT | Techsafari Records Series EP. 22 | 17/07/2025,24 days ago,36,4,666,2
HELLQUIST | Zenon Records Series Ep. 87 | 17/07/2025,24 days ago,185,27,"1,670",5
SONOCHROME | In Focus | 12/07/2025,24 days ago,46,3,753,4
TÜNDÉRKE Selects 'Dark Ascension' | 11/07/2025,24 days ago,41,3,650,3
BECHAMEL BOYZ | Random Records Series Ep. 31 | 08/07/2025,24 days ago,84,13,"1,337",5
SYNKRONIC | Loony Moon Records Series EP. 110 | 09/07/2025,24 days ago,180,24,"1,692",9
ENCOUNTERS | Over The Moon Series Ep. 11 | 20/07/2025,24 days ago,55,13,906,
JAALA | Mystic Sound Series Ep. 104 | 18/07/2025,24 days ago,49,4,829,1
GLANI | Music Forms Ep. 18 | 13/07/2025,24 days ago,83,2,"1,159",5
MNOGOOK | Forestdelic Records Series Ep. 78 | 05/07/2025,24 days ago,86,16,"1,025",
KAYTSENG | Techlab.bp Series Ep. 6 | 05/07/2025,24 days ago,102,9,"1,069",10
XOXO | Dacru Records Series EP. 20 | 04/07/2025,24 days ago,56,10,698,3
PSARA | Boshke beats Series Ep. 80 | 04/07/2025,24 days ago,26,2,416,3
LEMURIANS | Sangoma Records Series Ep. 111 | 03/07/2025,1 month ago,425,34,"5,200",21
POLLUX @ Full Night in the Forest | Pollux Selects | 01/07/2025,1 month ago,207,25,"3,028",9
MAKOLLY Guest Mix | Pollux Selects | 01/07/2025,1 month ago,125,15,"1,798",3
DJ K9@4 | Lunar 604 Series Ep. 5 | 02/07/2025,1 month ago,51,7,"1,042",5
DJ RELOAD & ZAGI @ RadiOzora & VégrePéntek in Központ | 11/07/2025,1 month ago,56,6,"1,264",3
HYDRO WONKY | Mindspring Music Ep. 32 | 10/07/2025,1 month ago,49,2,"1,011",2
DISANDAT 'Liquid' | TOTIIM Origins | 09/07/2025,1 month ago,33,3,897,
IN'R'VOICE | Cosmicleaf Records Series Ep. 91 | 08/07/2025,1 month ago,129,11,"1,867",3
ALAGI - Six Years Of Sub-Y-Dub-Y-Doo | Sub-Y-Dub-Y-Doo Ep. 69 | 06/07/2025,1 month ago,79,5,"1,296",2
MIKI GÖRÖG - Welcome to Paradise: Day 0 & the Chambok House | Ozorizon S3E02 | 06/07/2025,1 month ago,6,Repost,731,
ZION TRAIN SELECTION | Dubmission Records Series Ep. 63 | 28/06/2025,1 month ago,60,4,"1,013",1
ANNA KOSA & The Sanctuary Within: Inner Growth Workshop at Ozora | Ozorizon Ozorizon S3e02 | 29/06/2025,1 month ago,6,Repost,381,
KALI YUGA | Comet Collective Series Ep. 2 | 01/07/2025,1 month ago,199,14,"2,531",5
MELTING POINT | Nano Records Series Ep. 112 | 27/06/2025,1 month ago,190,15,"2,128",4
STEVE OOOD | Phanzasm Records Series Ep. 14 | 27/06/2025,1 month ago,227,21,"3,007",20
DJ GIUSEPPE 'Parvati 25th Anniversary' | Parvati Records Series Ep. 93 | 26/06/2025,1 month ago,373,39,"3,656",11
AKOS V @ RadiOzora & VégrePéntek in Központ | 04/07/2025,1 month ago,44,4,"1,418",1
DEREK | Lost Minute EP. 77 | 03/07/2025,1 month ago,34,1,"1,081",1
JUANITO AZUL | The Berry Tales Ep. 35 | 01/07/2025,1 month ago,151,9,"2,684",2
CIRQULAR | Merkaba Music Series Ep. 66 | 27/06/2025,1 month ago,75,5,"1,333",10
SABW | On The Way To Ozora 2025 Ep. 25 | 19/07/2025,1 month ago,47,6,"1,217",2
MIKE STELLAR | On The Way To Ozora 2025 Ep. 24 | 12/07/2025,1 month ago,96,8,"2,120",5
TEA TREE | On The Way To Ozora 2025 Ep. 23 | 28/06/2025,1 month ago,99,10,"1,567",3
CHRIS NORD | Deep Down The Rabbit Hole Ep. 35 | 26/06/2025,1 month ago,120,16,"1,754",4
CUBEX | Kafka Tempo Series EP. 2 | 26/06/2025,1 month ago,111,9,"1,440",5
ILLUZIO | Maheratta Records Series EP. 45 | 21/06/2025,1 month ago,71,8,"1,181",9
STILNOX | Atmospherica Exotica Ep. 78 | 21/06/2025,1 month ago,10,2,469,
PSYONARA | Mystic Sound Records Series Ep. 103 | 22/06/2025,1 month ago,49,5,"1,019",1
BOELOENI | Nada Flow Ep. 19 | 22/06/2025,1 month ago,25,1,920,1
PARASCOP | Tesseractstudio Series Ep. 69 | 20/06/2025,1 month ago,74,6,"1,001",4
STEVE ANGSTROM | Disco Gecko Recordings Series Ep. 60 | 15/06/2025,1 month ago,19,4,472,
MEO CULPA | Sacraticum Radio Show Ep. 41 | 20/06/2025,1 month ago,99,4,"1,777",7
DJ OMLET | On The Way To Ozora 2025 Ep. 22 | 21/06/2025,1 month ago,50,3,"1,054",2
MEMENTOMOR | Comet Collective Series Ep. 2 | 18/06/2025,1 month ago,166,17,"2,280",17
NVU | Stone Seed Series Ep. 34 | 20/06/2025,1 month ago,87,13,"1,563",6
COSMIC BRAHMA | Brahmasutra Records Presents | 14/06/2025,1 month ago,179,15,"2,231",20
QUANTIKO | Tündérke Selects | 13/06/2025,1 month ago,66,8,"1,050",
JUMPSTREET | Looney Moon Records Series EP. 109 | 11/06/2025,1 month ago,230,28,"2,148",12
KERNEL @ RadiOzora & VégrePéntek in Központ | 13/06/2025,1 month ago,13,2,549,
ZENTAUR | Mindspring Music Series Ep. 31 | 12/06/2025,1 month ago,28,1,581,2
DIAMOND HAZE | Pink Eyed Blue Ep. 47 | 12/06/2025,1 month ago,11,4,536,
MYORI | ADN Music Presents | 10/06/2025,2 months ago,121,13,"2,002",13
ALGIA | Darth Frog Selects | 10/06/2025,2 months ago,93,12,"1,342",5
KOXBOX @ OZORA One Day In London 2025 | 07/06/2025,2 months ago,,,,
EGORYTHMIA 'Supernatural' | Album Premier | 22/06/2025,2 months ago,360,51,"4,250",12
PETER VAN MINDEN - Live at SUB LAB PRO in Trafo | 11/062025,2 months ago,33,2,925,3
SIGESMUNDSEN | Cosmicleaf Records Series Ep. 90 | 10/06/2025,2 months ago,27,4,687,
ESTEBAN | Music Forms Ep. 17 | 08/06/2025,2 months ago,57,6,"1,103",4
HERRMANN STOEHR | On The Way To Ozora 2025 Ep. 21 | 07/06/2025,2 months ago,119,11,"2,086",6
DJ BARFLY | Grasshopper Records Series Ep. 44 | 06/06/2025,2 months ago,93,12,"1,518",4
INGRAINED INSTINCTS | Sangoma Records Series Ep. 110 | 05/06/2025,2 months ago,304,39,"3,527",17
TSU @ RadiOzora & VégrePéntek in Központ | 30/05/2025,2 months ago,60,9,"1,405",
ATALAYA | On The Way To Ozora 2025 Ep. 20 | 07/06/2025,2 months ago,20,1,791,1
DAVID GOMBA @ Lutopia Wokshop | Ozorizon S3e01 | 06/06/2025,2 months ago,2,1,563,
Universal Tribe records series,2 months ago,,,,
Madrapur Records presents,2 months ago,,,,
INVERTED WORLD | Universal Tribe Records Ep. 1 | 04/06/2025,2 months ago,325,27,"4,440",13
UNEXPECTED Guest Mix | Pollux Selects | 03/06/2025,2 months ago,168,21,"2,201",12
ANYER QUANTUM | Digital Diamonds Series Ep. 49 | 03/06/2025,2 months ago,78,12,"1,532",3
FUGIST | Madrapur Records Presents | 05/06/2025,2 months ago,34,5,"1,389",1
PEEKAY | Lost Minute Radio Show EP. 76 | 05/06/2025,2 months ago,36,6,"1,122",1
MINDGROOVE | Woo-Dog Recordings Presents | 31/05/2025,2 months ago,146,21,"1,958",30
HYPNOCOUSTICS | Nano Records Series Ep. 111 | 30/05/2025,2 months ago,117,14,"1,441",11
PSYPIEN | Purple Hexagon Records Series EP. 62 | 29/05/2025,2 months ago,72,12,"1,000",2
AWHM | Techlab Series Ep. 5 | 28/05/2025,2 months ago,164,15,"2,024",16
MORIOUN | Lunar 604 Records Series Ep. 4 | 04/06/2024,2 months ago,72,14,"1,968",4
LABRAT | Blacklite Records Series EP. 59 | 27/05/2025,2 months ago,272,36,"2,834",16
Kafka Tempo Series,2 months ago,,,,
BREGER | Kafka Tempo Series EP. 1 | 27/05/2025,2 months ago,329,28,"4,232",23
ALAGI's Ambient Excursions | Sub-Y-Dub-Y-Doo Ep. 68 | 01/06/2025,2 months ago,35,1,857,5
SHWAMP | On The Way To Ozora 2025 Ep. 19 | 31/05/2025,2 months ago,113,12,"1,346",8
ASHTECH | Dubmission Records Series Ep. 62 | 28/05/2025,2 months ago,35,Repost,788,1
Comet Collective Series,2 months ago,,,,
ALIJI @ OZORA One Day In London 2025 | 24/05/2025,2 months ago,17,1,664,1
CORAL | On The Way To Ozora 2025 Ep. 18 | 24/05/2025,2 months ago,96,13,"1,376",5
TOTO WP | World People Productions Presents | 23/05/2025,2 months ago,129,25,"1,679",8
WEIRDOS | Parvati Records Series Ep. 92 | 22/05/2025,2 months ago,234,30,"2,467",11
ELASTIC | Comet Collective Series Ep. 1 | 21/05/2025,2 months ago,82,7,"2,127",3
DANI ORANGE | Deep Down The Rabbit Hole Ep. 34 | 20/05/2025,2 months ago,34,6,824,
ZAGI - Live @ RadiOzora Connecting Ljubljana | 23/05/2025,2 months ago,107,8,"2,433",10
MAIIA | Mystic Sound Series Ep. 102 | 05/25/2025,2 months ago,99,10,"1,792",7
AKASHALIVE | Nada Flow Ep. 18 | 25/05/2025,2 months ago,25,Repost,693,
I.M.D. | On The Way To Ozora 2025 Ep. 17 | 24/05/2025,2 months ago,76,9,"1,366",2
AIWA | On The Way To Daad Gathering 2025 Ep. 12 | 14/06/2024,2 months ago,37,2,"1,109",
AZRIN | Merkaba Music Series Ep. 65 | 23/05/2025,2 months ago,248,20,"3,899",10
THE BITZPAN | On The Way To Ozora 2025 2025 Ep. 16 | 21/05/2025,2 months ago,112,3,"1,928",1
GURTRUDE | Zenon Records Series Ep. 86 | 21/05/2024,2 months ago,188,18,"3,081",3
INFRGANDHI Presents Deck Attack Radio Show Ep. 93 | 22/05/2025,2 months ago,31,3,928,
ADI SHABAT @ Ozora One Day In Thailand | 12/03/2025,2 months ago,45,4,911,2
KÄSE KOCHEN | Stone Seed Series Ep. 33 | 16/05/2025,2 months ago,148,15,"2,570",7
CHRONOSPHERE | On The Way To Ozora 2025 Ep. 14 | 16/05/2025,2 months ago,250,22,"3,244",11
QWILLA | Mindspring Muisc Series Ep. 30 | 15/05/2025,2 months ago,42,2,989,
KORNELIA | On The Way To Ozora 2025 Ep. 15 | 16/05/2025,2 months ago,40,6,"1,019",5
VATSANAH & DJ RELOAD | On The Way To Daad Gathering 2025 Ep. 11 | 29/05/2025,3 months ago,41,3,956,2
FLORESCENCE - Live @ OZORA One Day In London 2025 | 03/05/2025,3 months ago,316,15,"5,234",11
RAVE NINE | Digital Om Productions Series EP. 90 | 16/05/2025,3 months ago,99,10,"1,543",8
GRABOID | Looney Moon Records Series EP. 108 | 15/05/2025,3 months ago,196,31,"2,379",13
AKTYUM | Techsafari Records Series EP. 21 | 14/05/2025,3 months ago,81,14,"1,214",1
NANOPLEX (DJ Set) @ OZORA One Day In London 2025 | 17/05/2025,3 months ago,174,22,"2,866",4
OMNIUM | Random Records Series EP. 30 | 13/05/2025,3 months ago,145,14,"2,070",5
ALPHAKEY & NOPARACOMA @ Earth Day | Darth Frog Selects | 13/05/2025,3 months ago,79,10,"1,297",9
MEO CULPA & ARULEI | Sacraticum Radio Show Ep. 40 | 16/05/2025,3 months ago,37,1,967,
PUSH EBP | Atmospherica Exotica Ep. 77 | 15/05/2025,3 months ago,48,3,"1,102",3
FAELOW | Over The Moon Series Ep. 10 | 16/05/2025,3 months ago,164,14,"2,419",2
ANUTIS | TOTIM Origins | 14/05/2025,3 months ago,37,9,754,3
POTLATCH | Cosmicleaf Records Series Ep. 89 | 13/05/2025,3 months ago,30,3,825,
SPACE WIZARD 'Space Alien' mix | Paranormal.Records Presents | 06/05/2025,3 months ago,135,15,"1,662",19
WINAK | Hunab Ku Records Presents | 09/05/2025,3 months ago,99,15,"1,357",5
RAJAX Guest Mix | Pollux Selects | 06/05/2025,3 months ago,82,16,"1,221",8
Tündérke Selects,3 months ago,,,,
SPELL CONJURERS | Quadrivium Records Presents | 08/05/2025,3 months ago,457,56,"4,732",54
PSYMON | Lunar 604 Series Ep. 3 | 07/05/2025,3 months ago,42,6,"1,130",12
ALIEN CHAOS | Tündérke Selects | 09/05/2025,3 months ago,316,26,"4,258",16
PLAYAMAN |  Music Forms Ep. 16 | 11/05/2025,3 months ago,47,5,951,1
ANDERS NAVIGARE | On The Way To Ozora 2025 Ep. 13 | 10/05/2025,3 months ago,134,24,"1,589",16
BAUMB | On The Way To Ozora 2025 Ep. 12 | 10/05/2025,3 months ago,24,2,765,2
'LYNCHESQUE' presented by Crimson| Pink Eyed Blue Ep. 46 | 08/05/2025,3 months ago,17,4,666,
BODOO Presents The Observation Radio Show Ep. 117 | 07/05/2025,3 months ago,27,1,816,2
JUANITO AZUL | The Berry Tales Ep. 33 | 06/05/2025,3 months ago,48,4,942,1
POLLUX | Polux Selects | 01/04/2025,3 months ago,138,13,"2,317",6
XABANGA | Believe Lab Presents | 03/05/2025,3 months ago,171,14,"2,082",15
YEBAH | Sangoma Records Series Ep. 109 | 08/05/2025,3 months ago,320,37,"3,300",12
NORION | Dacru Records Series Ep. 19 | 20/05/2025,3 months ago,84,4,"1,288",1
MORPHĒO | Live @ Tilos RadiOzora | 09/04/2025,3 months ago,18,1,705,
Lunar 604 Series,3 months ago,,,,
M-THEORY | Blacklite Records Series Ep. 56 | 26/11/2024,3 months ago,255,24,"3,514",21
LOU-K | Hadra Records Series EP. 42 | 01/05/2025,3 months ago,85,4,"1,855",8
SZOLIVER | Techlab.bp Series Ep. 4 | 30/04/2025,3 months ago,144,10,"2,714",22
GUMILAP (Dub Phase Sound System) | Sub-Y-Dub-Y-Doo Ep. 67 | 04/05/2025,3 months ago,52,1,"1,565",1
CRIMSON | On The Way To Daad Gathering 2025 Ep. 11 | 03/05/2025,3 months ago,23,6,"1,367",1
TRIPLE DISTILLED DISCO SQUAD 'Lysergic Disco' | Boshke Beats Series Ep. 79 | 02/05/2025,3 months ago,138,13,"2,392",4
NUKELALL | Blacklite Records Series EP. 57 | 28/01/2025,3 months ago,157,21,"2,081",11
KONOMO | Lost Minute Series EP. 75 | 01/05/2025,3 months ago,144,8,"3,583",5
FUNK'N'SLOCUTS | Dubmission Records Series Ep. 61 | 30/04/2025,3 months ago,54,7,"1,249",1
HYPNOXOCK | On The Way To Ozora 2025 Ep. 11 | 19/04/2025,3 months ago,143,13,"2,537",6
AXIUZ 'Natural Successions' | Sonica Recordings Presents | 26/04/2025,3 months ago,68,7,"1,285",2
LOST IN SPACE | Phantasm Records Series Ep. 13 | 25/04/2025,3 months ago,105,12,"1,661",12
MENOG | Nano Records Series Ep. 110 | 26/04/2025,3 months ago,230,20,"3,185",5
SWANASA | Nada Flow Ep. 17 | 27/04/2025,3 months ago,23,3,892,3
CHRONOS | Mystic Sound Series Ep. 101 | 27/04/2025,3 months ago,41,5,"1,043",1
COSMIC DUST | Merkaba Music Series Ep. 64 | 25/04/2025,3 months ago,98,16,"1,617",9
MEO CULPA & ZAKHOROV | On The Way To Daad Gathering 2025 | 26/04/2025,3 months ago,213,12,"3,928",10
ROGER RABBIT | TesseractsTudio Series Ep. 68 | 04/05/2025,3 months ago,152,12,"2,254",6
GABRIEL MORAES | Stone Seed Series Ep. 32 | 18/04/2025,3 months ago,112,8,"2,291",11
MONTEZ | Maheratta Records Series EP. 44 | 16/04/2025,3 months ago,99,9,"1,597",10
LOOM | Forestdelic Records Series Ep. 77 | 27/02/2025,3 months ago,257,21,"2,774",15
SHAMANOID | Disco Gecko Recordings Series Ep. 59 | 20/04/2025,3 months ago,65,7,"1,445",4
FERENC SZANATI | On The Way To Daad Gathering 2025 Ep. 9 | 19/04/2025,3 months ago,91,16,"1,873",8
AUKAN | In Focus | 16/04/2025,3 months ago,95,8,"1,229",8
SELDON | Deep Down The Rabbit Hole Ep. 33 | 05/04/2025,3 months ago,57,9,"1,274",4
BALADI 'Ritualistic Ethnobient Set' | Sacraticum Radio Show Ep. 39 | 18/04/2025,3 months ago,50,5,"1,089",2
SZAMY | Atmospherica Exotica Ep. 76 | 17/04/2025,3 months ago,31,5,724,1
TRANSIENT DISORDER | On The Way To Ozora 2025 Ep. 9 | 12/04/2025,3 months ago,232,23,"3,033",11
BURN IN NOISE @ Ozora One Day In Thailand | 12/04/2025,3 months ago,174,15,"2,453",16
GRANT DARSHAN | Stereo Society Series Ep. 30 | 11/04/2025,3 months ago,95,9,"1,416",7
SPECTRO SENSES | Antu Records Series | 10/04/2025,3 months ago,120,6,"1,663",5
TETRASOUND | Music Forms Ep. 15 | 13/04/2025,3 months ago,84,2,"1,900",6
ALAGI 'Spring Selection' | Sub-Y-Dub-Y-Doo Ep. 66 | 06/04/2025,3 months ago,72,4,"1,566",2
DUEL | Sub-Y-Dub-Y-Doo Ep. 63 | 12/01/2025,3 months ago,31,2,922,4
DRIBBLE | Looney Moon Records Series EP. 107 | 09/04/2025,4 months ago,316,33,"3,841",34
ALGIA | Darth Frog Selects | 08/04/2025,4 months ago,128,15,"2,169",4
RENIL EDIS | On The Way To Ozora 2025 Ep. 10 | 12/04/2025,4 months ago,34,2,771,1
CRIMSON presents POISON CRY | Pink Eyed Blue Ep. 45 | 10/04/2025,4 months ago,29,6,779,2
FLUIDUM 'Vol. 2' | TOTIM Origins | 09/04/2025,4 months ago,70,7,"1,571",1
LEMONCHILL 'The Tenderness Of The Fourth Dimension' | 11/04/2025,4 months ago,75,8,"1,540",
ALTERED BROTHER | ADN Music Presents | 08/04/2025,4 months ago,91,6,"2,222",7
ELOMEY | Cosmicleaf Records Series Ep. 88 | 08/04/2025,4 months ago,78,4,"1,862",2
BIOTERRANEAN | On The Way To Ozora 2025 Ep. 8 | 05/04/2025,4 months ago,73,7,"1,632",10
DJ HIKARU | Grasshopper Records Series Ep. 43 | 04/04/2025,4 months ago,68,4,"1,318",2
SEQUOYA | Sangoma Records Series Ep. 108 | 03/04/2025,4 months ago,419,45,"4,597",22
ASH ROY | Digital Diamonds Series Ep. 48 | 01/04/2025,4 months ago,250,27,"4,053",13
DESIGNA | Purple Hexagon Records Series EP. 61 | 03/04/2025,4 months ago,88,5,"1,351",3
Chambokology,4 months ago,,,,
SCHIME | Lost Minute Series EP. 74 | 03/04/2025,4 months ago,44,10,"1,575",6
GREMA | On The Way To Daad Gathering 2025 Ep. 8 | 05/04/2025,4 months ago,37,7,"1,383",3
FONETIK 'Japanese Whispers' | 02/04/2025,4 months ago,23,2,821,
DJ GANDHARVA | The Observation Radio Show Ep. 116 | 02/04/2025,4 months ago,54,4,"1,410",
PURPLE SHAPES | Live @ Ozora One Day In Prague 2025 | 19/04/2025,4 months ago,399,46,"5,835",21
DJ TSUBI | Live @ OZORA One Day In Prague 2025 | 05/04/2025,4 months ago,263,24,"4,152",7
HERMIT - Live @ RadiOzora Connecting Ljubljana | 30/03/2025,4 months ago,40,5,823,1
GRAHAM ST. JOHN | Chambokolgy EP. 52 | 29/03/2025,4 months ago,12,2,"1,077",
JIDDER | In Focus | 29/03/2025,4 months ago,180,13,"2,105",15
DICKSTER | Nano Records Series Ep. 109 | 28/03/2025,4 months ago,121,13,"1,387",5
GU | Parvati Records Series Ep. 91 | 27/03/2025,4 months ago,308,30,"2,930",11
CORTEX 'Fractals On Mandala' mix (incl. alternative versions) | 28/03/2025,4 months ago,39,4,714,1
GIORGIA GAIA | Chambokolgy EP. 51 | 27/03/2025,4 months ago,7,Repost,646,
EGREGORE | Techlab.bp Series Ep. 3 | 26/03/2025,4 months ago,126,11,"1,752",7
ORIGINZ | Sangoma Records Series Ep. 106 | 06/02/2024,4 months ago,135,18,"1,427",7
JARALUCA | Lunar 604 Series Ep. 2 | 02/04/2025,4 months ago,165,21,"2,759",11
KOMOREBI | Zenon Records Series Ep. 85 | 26/03/2025,4 months ago,377,25,"5,110",22
LAXBERGER | Deep Down The Rabbit Hole Ep. 32 | 25/03/2025,4 months ago,64,10,"1,285",4
GIGI | Blacklite Records Series EP. 58 | 25/03/2025,4 months ago,225,26,"2,837",22
GABI VON DUB | Boshke Beats Series Ep. 78 | 07/03/2025,4 months ago,66,6,"1,364",5
ROLAND HANDRICK | On The Way To Daad Gathering 2025 Ep. 6 | 29/03/2025,4 months ago,95,10,"2,023",2
MODUL AKA MANGO | On The Way To Daad Gathering 2025 Ep. 7 | 29/03/2025,4 months ago,64,1,"1,401",3
MOLECTONE | Merkaba Music Series Ep. 63 | 28/03/2025,4 months ago,130,12,"2,222",6
INFRAGANDHI Presents Deck Attack Radio Show Ep. 92 | 27/03/2025,4 months ago,26,3,895,
MODULE | Dubmission Records Series Ep. 60 | 26/03/2025,4 months ago,89,8,"1,720",2
UV PROJECT | Atmospherica Exotica Ep. 75 | 25/03/2025,4 months ago,87,8,"1,800",7
PEYOTES | On The Way To Ozora 2025 Ep. 7 | 22/03/2025,5 months ago,412,37,"5,073",18
ENRIQUE LAZCANO | Stone Seed Series Ep. 31 | 21/03/2025,5 months ago,73,8,"1,435",17
JEPHER | Digital Om Productions series EP. 89 | 21/03/2025,5 months ago,150,19,"2,342",6
SUN ANGA | Mystic Sound Series Ep. 100 | 23/03/2025,5 months ago,52,4,781,1
EZMBA 15 | Nada Flow Ep. 16 | 23/03/2024,5 months ago,12,Repost,528,
THE BITZPAN | Sofa Beats Series Ep. 74 | 22/03/2025,5 months ago,94,5,"1,827",3
INDIRECT MOVEMENT | On The Way To Daad Gathering 2025 Ep. 5 | 15/03/2025,5 months ago,31,Repost,"1,216",
BODOO | Sacraticum Radio Show Ep. 38 | 21/03/2025,5 months ago,25,5,"1,158",5
AIN-SOPH | Random Records Series EP. 29 | 11/03/2025,5 months ago,61,8,734,2
OMJA | Quadrivium Records Presents | 13/03/2025,5 months ago,508,46,"6,511",41
JIMI GREEN | Looney Moon Records Series EP. 106 | 12/03/2025,5 months ago,309,34,"3,407",24
LAB'S CLOUD | Over The Moon Series Ep. 9 | 16/03/2025,5 months ago,194,32,"3,102",16
BASHER TOE | On The Way To Ozora 2025 Ep. 6 | 15/03/2025,5 months ago,179,15,"3,133",27
KRICS | Studio Session | 25/01/2025,5 months ago,38,5,788,1
SELDON | Studio Session | 25/01/2025,5 months ago,22,2,487,
DJ MIST | Studio Session | 25/01/2025,5 months ago,31,2,613,1
CVRDWELL | Moments of Aether Club Ep. 7 | 08/03/2025,5 months ago,46,8,799,9
ZAGI - Live @ Ozora One Day In Thailand 2025 | 12/03/2025,5 months ago,157,13,"3,072",3
CRIMSON presents Pink Eyed Blue Ep. 44 | 13/03/2025,5 months ago,50,4,"1,228",2
PETER VAN MINDEN - Live at SUB LAB PRO 17.12.2022. | TOTIM Origins | 12/03/2025,5 months ago,49,6,933,2
D-DAVE | Lunar 604 Series Ep. 1 | 05/03/2025,5 months ago,100,14,"1,566",9
NOPARACOMA | Pollux Selects | 04/03/2025,5 months ago,105,17,"1,353",5
ENIGMA | Dacru Records Series EP. 18 | 07/03/2025,5 months ago,142,11,"2,260",5
ZERO CULT | Cosmicleaf Records Series Ep. 87 | 11/03/2025,5 months ago,155,14,"3,249",10
NEKTARIOS | Sangoma Records Series Ep. 107 | 06/03/2025,5 months ago,325,30,"3,465",28
DECODE BLUE | Digital Diamonds Series Ep. 47 | 04/03/2025,5 months ago,66,12,"1,569",11
DJ FACE DESIGN | Techsafari Records Series EP. 20 | 05/03/2025,5 months ago,215,21,"3,504",14
SOURONE | Music Forms Ep. 14 | 09/03/2025,5 months ago,141,12,"2,334",5
HORI | On The Way To Ozora 2025 Ep. 5 | 08/03/2025,5 months ago,97,13,"1,854",11
ALEXANDER SMITH | Lost Minute Series EP. 73 | 06/03/2025,5 months ago,54,5,"1,538",7
SAVABORSA / LA FUENTE 'Tilos radiOzora Mix' | 13/03/2025,5 months ago,130,8,"2,872",8
PARA HALU 'Psychedelic Resonance' | Exclusive for RadiOzora / 01/03/2025,5 months ago,331,29,"5,342",16
MICRODOSE | Parvati Records Series Ep. 90 | 27/02/2025,5 months ago,310,22,"3,145",30
KALEIDOR | Phantasm Records Series Ep. 12 | 28/02/2025,5 months ago,102,8,"1,617",12
SLYM | Techlab.bp Series Ep. 2 | 26/02/2025,5 months ago,109,11,"1,877",5
DAMZAH | Forestdelic Records Series Ep. 76 | 25/02/2025,5 months ago,317,36,"3,726",13
TANJA LE CHAINS | Deep Down The Rabbit Hole Ep. 31 | 25/02/2025,5 months ago,39,8,995,3
TSU | On The Way To Daad Gathering 2025 Ep. 2 | 01/02/2025,5 months ago,63,6,"1,543",1
